{
  "n": 0.9154,
  "q": 0.1174,
  "m": 0.5367,
  "r": 0.0,
  "n|n": 0.7507,
  "a": 0.6,
  "v|n": 0.6575,
  "f": 0.01887,
  "q|n": 0.01961,
  "vn": 0.8916,
  "b": 0.4,
  "n|t": 0.2143,
  "ns|n": 0.8253,
  "v|m": 0.1613,
  "ad": 0.6078,
  "t|n": 0.3286,
  "v|ns": 0.5,
  "v|t": 0.1429,
  "m|q": 0.4706,
  "v|q": 0.2609,
  "n|vn": 0.8462,
  "nt|t": 0.0,
  "n|ns": 0.4737,
  "n|a": 0.2308,
  "v|a": 0.3333,
  "v|b": 0.0,
  "l": 0.1,
  "n|m": 0.2,
  "vn|n": 0.8961,
  "nr|t": 0.125,
  "v|vn": 0.8571,
  "m|n": 0.78125,
  "t": 0.78,
  "n|b": 0.125,
  "v|nr": 0.5714,
  "v|s": 0.3333,
  "vd": 0.6154,
  "q|m": 0.0,
  "d|n": 0.6154,
  "v|nt": 0.0,
  "nt|b": 0.0,
  "v|r": 0.0,
  "nr|n": 0.6667,
  "ns|a": 0.2,
  "nr": 0.9487,
  "q|vn": 0.0,
  "d|b": 0.0,
  "ns|t": 0.2,
  "b|n": 0.8519,
  "q|ns": 0.0,
  "nr|vn": 0.5,
  "n|q": 0.5,
  "n|nr": 0.9211,
  "ns|b": 0.0,
  "ns|m": 0.0,
  "f|n": 0.625,
  "t|ns": 0.25,
  "n|nt": 0.0,
  "v|ad": 0.5714,
  "w|n": 0.0,
  "t|vn": 0.6,
  "s": 0.9636,
  "a|n": 0.9333,
  "ns|ns": 0.8462,
  "v|f": 0.0,
  "d|m": 0.0,
  "m|t": 0.0,
  "vn|nt": 0.0,
  "r|n": 0.8571,
  "t|a": 0.0,
  "t|m": 0.0,
  "n|l": 0.0,
  "a|m": 0.0,
  "m|m": 0.3333,
  "vn|t": 0.0,
  "q|b": 0.0,
  "n|s": 0.5,
  "nr|q": 0.0,
  "q|a": 0.0,
  "t|t": 0.6,
  "r|s": 0.0,
  "n|an": 0.0,
  "d|nz": 0.0,
  "s|t": 0.0,
  "f|t": 0.0,
  "v|an": 0.0,
  "a|a": 0.0,
  "vn|a": 0.0,
  "nt|vn": 0.0,
  "q|nr": 0.0,
  "r|m": 0.0,
  "n|f": 0.8333,
  "m|l": 0.0,
  "ns|s": 0.8889,
  "a|ad": 0.0,
  "b|vn": 0.75,
  "vn|nr": 0.6667,
  "vd|s": 0.0,
  "a|t": 0.0,
  "nt|nt": 0.0,
  "ad|nt": 0.0,
  "n|z": 0.0,
  "n|vx": 0.0,
  "n|r": 0.0,
  "ns": 0.9958,
  "nr|ns": 0.0,
  "vn|an": 0.0,
  "ns|vx": 0.0,
  "ns|nr": 0.9655,
  "b|q": 0.0,
  "nr|r": 0.0,
  "b|t": 0.0,
  "nt|ns": 0.8571,
  "ad|r": 0.0,
  "nt|n": 0.95,
  "nr|ad": 0.0,
  "nt": 1.0,
  "ns|vn": 1.0,
  "s|n": 1.0,
  "nz|n": 1.0,
  "an": 1.0,
  "ns|nt": 1.0,
  "nz": 1.0,
  "a|vn": 1.0,
  "ad|n": 1.0,
  "ns|f": 1.0,
  "d|ns": 1.0,
  "m|vn": 1.0,
  "t|f": 1.0}
