{"n": 0.9154147615937296, "q": 0.11742424242424243, "m": 0.5366666666666666, "r": 0.0, "n|n": 0.7507418397626113, "a": 0.6, "v|n": 0.6575342465753424, "f": 0.018867924528301886, "q|n": 0.0196078431372549, "vn": 0.8916256157635468, "b": 0.4, "n|t": 0.21428571428571427, "ns|n": 0.8253012048192772, "v|m": 0.16129032258064516, "ad": 0.6078431372549019, "t|n": 0.32857142857142855, "v|ns": 0.5, "v|t": 0.14285714285714285, "m|q": 0.47058823529411764, "v|q": 0.2608695652173913, "j|n": 0.6666666666666666, "n|vn": 0.8461538461538461, "nt|t": 0.0, "n|ns": 0.47368421052631576, "n|a": 0.23076923076923078, "v|a": 0.3333333333333333, "v|j": 0.18181818181818182, "v|b": 0.0, "l": 0.1, "n|m": 0.2, "vn|n": 0.8961038961038961, "nr|t": 0.125, "v|vn": 0.8571428571428571, "m|n": 0.78125, "t": 0.78005698005698, "n|b": 0.125, "j|q": 0.25, "v|nr": 0.5714285714285714, "v|s": 0.3333333333333333, "vd": 0.6153846153846154, "q|m": 0.0, "d|n": 0.6153846153846154, "v|nt": 0.0, "nt|b": 0.0, "v|r": 0.0, "n|j": 0.2, "nr|n": 0.6666666666666666, "ns|a": 0.2, "nr": 0.9487179487179487, "q|vn": 0.0, "j|vn": 0.42857142857142855, "d|b": 0.0, "ns|t": 0.2, "b|n": 0.8518518518518519, "q|ns": 0.0, "nr|vn": 0.5, "n|q": 0.5, "ns|j": 0.0, "j|a": 0.0, "n|nr": 0.9210526315789473, "ns|b": 0.0, "ns|m": 0.0, "f|n": 0.625, "t|ns": 0.25, "n|nt": 0.0, "v|ad": 0.5714285714285714, "w|n": 0.0, "t|vn": 0.6, "s": 0.9636363636363636, "a|n": 0.9333333333333333, "j|m": 0.3333333333333333, "t|j": 0.0, "ns|ns": 0.8461538461538461, "v|f": 0.0, "d|m": 0.0, "m|t": 0.0, "vn|nt": 0.0, "r|n": 0.8571428571428571, "t|a": 0.0, "t|m": 0.0, "n|l": 0.0, "a|m": 0.0, "m|m": 0.3333333333333333, "vn|t": 0.0, "ns|i": 0.3333333333333333, "q|b": 0.0, "n|s": 0.5, "j|t": 0.0, "nr|q": 0.0, "q|a": 0.0, "t|t": 0.6, "r|s": 0.0, "n|an": 0.0, "d|nz": 0.0, "s|t": 0.0, "f|t": 0.0, "v|an": 0.0, "a|a": 0.0, "vn|a": 0.0, "nt|vn": 0.0, "q|nr": 0.0, "r|m": 0.0, "n|f": 0.8333333333333334, "m|l": 0.0, "ns|s": 0.8888888888888888, "a|ad": 0.0, "j|b": 0.0, "b|vn": 0.75, "vn|nr": 0.6666666666666666, "vd|s": 0.0, "n|i": 0.75, "a|t": 0.0, "nt|nt": 0.0, "ad|nt": 0.0, "n|z": 0.0, "n|vx": 0.0, "n|r": 0.0, "ns": 0.9958333333333333, "nr|ns": 0.0, "vn|an": 0.0, "ns|vx": 0.0, "ns|nr": 0.9655172413793104, "j|ns": 0.6666666666666666, "b|q": 0.0, "nr|j": 0.0, "nr|r": 0.0, "b|t": 0.0, "nt|ns": 0.8571428571428571, "ad|r": 0.0, "nt|n": 0.95, "nr|ad": 0.0, "nt": 1.0, "j": 1.0, "ns|vn": 1.0, "s|n": 1.0, "nz|n": 1.0, "an": 1.0, "i": 1.0, "ns|nt": 1.0, "nz": 1.0, "j|s": 1.0, "a|vn": 1.0, "ad|n": 1.0, "ns|f": 1.0, "d|ns": 1.0, "m|vn": 1.0, "t|f": 1.0}
